,num_songs,lower_bin_edge
0,155.0,0.0
1,91.0,0.05
2,91.0,0.1
3,84.0,0.15000000000000002
4,59.0,0.2
5,74.0,0.25
6,54.0,0.30000000000000004
7,41.0,0.35000000000000003
8,47.0,0.4
9,48.0,0.45
10,54.0,0.5
11,49.0,0.55
12,45.0,0.6000000000000001
13,32.0,0.65
14,48.0,0.7000000000000001
15,42.0,0.75
16,41.0,0.8
17,53.0,0.8500000000000001
18,26.0,0.9
19,14.0,0.9500000000000001
